{
  "homeInfo": {
    "title": "首页",
    "href": "manager/manager_welcome.jsp"
  },
  "logoInfo": {
    "title": "人口登记管理系统",
    "image": "layuimini/images/xiaohui.png",
    "href": "manager/manager_index.jsp"
  },
  "menuInfo": [
    {
      "title": "管理1",
      "icon": "fa fa-address-book",
      "href": "",
      "target": "_self",
      "child": [
        {
          "title": "基本管理",
          "href": "",
          "icon": "fa fa-home",
          "target": "_self",
          "child": [
            {
              "title": "本地居住人口管理",
              "href": "manager/local.jsp",
              "icon": "fa fa-pencil",
              "target": "_self"
            },
            {
              "title": "外来人口管理",
              "href": "manager/outside.jsp",
              "icon": "fa fa-pencil",
              "target": "_self"
            },
            {
              "title": "本地流出人口管理",
              "href": "manager/goout.jsp",
              "icon": "fa fa-pencil",
              "target": "_self"
            }
          ]
        },
        {
          "title": "其他管理",
          "href": "",
          "icon": "fa fa-navicon",
          "target": "_self",
          "child": [
            {
              "title": "修改密码",
              "href": "common/password.jsp",
              "icon": "fa fa-key",
              "target": "_self"
            },
            {
              "title": "管理员管理",
              "href": "manager/manager_list.jsp",
              "icon": "fa fa-cloud",
              "target": "_self"
            }
          ]
        }
      ]
    }
  ]
}
