/*
SQLyog Ultimate v12.08 (64 bit)
MySQL - 8.0.24 : Database - db_easy_buy
*********************************************************************
*/

/*!40101 SET NAMES utf8 */;

/*!40101 SET SQL_MODE=''*/;

/*!40014 SET @OLD_UNIQUE_CHECKS=@@UNIQUE_CHECKS, UNIQUE_CHECKS=0 */;
/*!40014 SET @OLD_FOREIGN_KEY_CHECKS=@@FOREIGN_KEY_CHECKS, FOREIGN_KEY_CHECKS=0 */;
/*!40101 SET @OLD_SQL_MODE=@@SQL_MODE, SQL_MODE='NO_AUTO_VALUE_ON_ZERO' */;
/*!40111 SET @OLD_SQL_NOTES=@@SQL_NOTES, SQL_NOTES=0 */;
CREATE DATABASE /*!32312 IF NOT EXISTS*/`db_easy_buy` /*!40100 DEFAULT CHARACTER SET utf8 */ /*!80016 DEFAULT ENCRYPTION='N' */;

USE `db_easy_buy`;

/*Table structure for table `easybuy_comment` */

DROP TABLE IF EXISTS `easybuy_comment`;

CREATE TABLE `easybuy_comment` (
  `EC_ID` int NOT NULL AUTO_INCREMENT,
  `EC_CONTENT` varchar(200) CHARACTER SET utf8 COLLATE utf8_general_ci NOT NULL,
  `EC_CREATE_TIME` datetime NOT NULL,
  `EC_REPLY` varchar(200) CHARACTER SET utf8 COLLATE utf8_general_ci DEFAULT NULL,
  `EC_REPLY_TIME` datetime DEFAULT NULL,
  `EC_NICK_NAME` varchar(10) CHARACTER SET utf8 COLLATE utf8_general_ci NOT NULL,
  PRIMARY KEY (`EC_ID`) USING BTREE
) ENGINE=InnoDB AUTO_INCREMENT=25 DEFAULT CHARSET=utf8mb3 ROW_FORMAT=DYNAMIC;

/*Data for the table `easybuy_comment` */

insert  into `easybuy_comment`(`EC_ID`,`EC_CONTENT`,`EC_CREATE_TIME`,`EC_REPLY`,`EC_REPLY_TIME`,`EC_NICK_NAME`) values (9,'歪比歪比？','2023-03-21 15:03:22','歪比巴卜！','2023-03-21 15:03:22','wang'),(10,'我要退货','2023-03-21 15:03:22','',NULL,'wang'),(11,'你家的东西什么玩意啊，无缘无故闹肚子','2023-03-21 15:03:22','亲！请检查你的肚子，或者购买其他零食','2023-03-21 15:03:22','wang'),(12,'感谢你们的零食赞助！','2023-03-21 15:03:22','',NULL,'wang'),(13,'好！','2023-03-21 15:03:22','',NULL,'wang'),(14,'123','2023-03-21 15:03:22','',NULL,'wang'),(16,'你们这个店怎么回事啊，说是99新，结果1成新都没有，太黑了，我要举报你们！！！','2023-03-21 15:03:22','',NULL,'admin'),(17,'呜呜呜~','2023-03-21 15:03:22','',NULL,'admin'),(18,'挺好的挺好的，商品都不错，可以的可以的，下次还来！！','2023-03-21 15:03:22','',NULL,'admin'),(19,'我买了你这个店的小零食，结果晚上3点，被送去了急诊室，赔钱！！！\r\n','2023-03-21 15:03:22','',NULL,'admin'),(20,'楼上乱说什么，谁多少钱请你来当水军诋毁人家！没良心！！','2023-03-21 15:03:22','',NULL,'admin'),(21,'黑店啊！！黑店啊！！','2023-03-21 15:03:22','',NULL,'admin'),(22,'感觉挺不错，现在从icu刚出来，下一站鬼门关！！','2023-03-21 15:03:22','',NULL,'admin'),(23,'这家店不错，就是想问，这家店能放生吗？\r\n','2023-03-21 15:03:22','',NULL,'admin'),(24,'大家不要相信这个托儿！！','2023-03-21 15:03:22','',NULL,'admin');

/*Table structure for table `easybuy_order` */

DROP TABLE IF EXISTS `easybuy_order`;

CREATE TABLE `easybuy_order` (
  `EO_ID` int NOT NULL AUTO_INCREMENT,
  `EO_USER_ID` varchar(10) CHARACTER SET utf8 COLLATE utf8_general_ci NOT NULL,
  `EO_USER_NAME` varchar(20) CHARACTER SET utf8 COLLATE utf8_general_ci DEFAULT NULL,
  `EO_USER_ADDRESS` varchar(200) CHARACTER SET utf8 COLLATE utf8_general_ci DEFAULT NULL,
  `EO_CREATE_TIME` datetime NOT NULL,
  `EO_COST` decimal(10,2) NOT NULL,
  `EO_STATUS` decimal(6,0) NOT NULL,
  `EO_TYPE` decimal(6,0) NOT NULL,
  PRIMARY KEY (`EO_ID`) USING BTREE
) ENGINE=InnoDB AUTO_INCREMENT=135 DEFAULT CHARSET=utf8mb3 ROW_FORMAT=DYNAMIC;

/*Data for the table `easybuy_order` */

insert  into `easybuy_order`(`EO_ID`,`EO_USER_ID`,`EO_USER_NAME`,`EO_USER_ADDRESS`,`EO_CREATE_TIME`,`EO_COST`,`EO_STATUS`,`EO_TYPE`) values (10,'wang','普通用户','厦门市','2023-03-23 10:08:33','14.00','3','1'),(11,'wang','普通用户','厦门市','2022-03-23 20:08:33','20.00','2','1'),(12,'wang','普通用户','厦门市','2022-03-23 20:08:33','52.00','1','1'),(13,'wang','普通用户','厦门市','2022-03-23 21:08:33','98.00','4','1'),(14,'wang','普通用户','厦门市','2022-03-23 22:08:33','23.00','5','1'),(16,'wang','普通用户','厦门市','2022-03-23 20:08:33','26.00','1','1'),(17,'wang','普通用户','厦门市','2022-03-23 20:08:33','126.00','1','1'),(18,'wang','普通用户','厦门市','2022-03-24 20:08:33','14.00','1','1'),(19,'wang','普通用户','厦门市','2022-03-24 20:08:33','66.00','1','1'),(20,'wang','普通用户','厦门市','2022-03-24 20:08:33','95.00','1','1'),(21,'wang','普通用户','厦门市','2022-03-24 15:08:33','15.00','1','1'),(22,'wang','普通用户','厦门市','2022-03-24 18:08:33','12.00','1','1'),(23,'wang','普通用户','厦门市','2022-03-24 19:08:33','12.00','1','1'),(24,'wang','普通用户','厦门市','2022-03-25 20:08:33','12.00','1','1'),(25,'wang','普通用户','厦门市','2022-03-25 21:08:33','13.00','1','1'),(124,'admin','管理员','陕西西安','2022-06-09 17:07:15','60.00','1','1'),(125,'admin','管理员','陕西西安','2022-06-10 00:00:18','233.00','1','1'),(126,'admin','管理员','陕西西安','2022-06-10 12:03:50','12.00','1','1'),(127,'admin','管理员','陕西西安','2022-06-10 12:56:16','15.00','1','1'),(128,'admin','管理员','陕西西安','2022-06-10 13:06:26','10.00','1','1'),(129,'admin','管理员','陕西西安','2022-06-10 13:12:18','12.00','1','1'),(130,'admin','管理员','陕西西安','2022-06-10 13:12:39','13.00','1','1'),(131,'admin','管理员','陕西西安','2022-06-16 23:10:06','39.00','1','1'),(132,'admin','admin','陕西西安','2022-06-16 23:13:00','15.00','4','1'),(133,'wang','普通用户','厦门市','2023-03-23 22:47:48','15.00','1','1'),(134,'mary','普通用户','重庆市','2023-03-23 23:05:22','10.00','1','1');

/*Table structure for table `easybuy_order_detail` */

DROP TABLE IF EXISTS `easybuy_order_detail`;

CREATE TABLE `easybuy_order_detail` (
  `EOD_ID` int NOT NULL AUTO_INCREMENT,
  `EO_ID` decimal(10,0) NOT NULL,
  `EP_ID` decimal(10,0) NOT NULL,
  `EOD_QUANTITY` decimal(6,0) NOT NULL,
  `EOD_COST` decimal(10,2) NOT NULL,
  PRIMARY KEY (`EOD_ID`) USING BTREE
) ENGINE=InnoDB AUTO_INCREMENT=173 DEFAULT CHARSET=utf8mb3 ROW_FORMAT=DYNAMIC;

/*Data for the table `easybuy_order_detail` */

insert  into `easybuy_order_detail`(`EOD_ID`,`EO_ID`,`EP_ID`,`EOD_QUANTITY`,`EOD_COST`) values (14,'10','17','1','14.00'),(15,'11','33','2','20.00'),(16,'12','41','1','52.00'),(17,'13','44','1','46.00'),(18,'13','40','1','45.00'),(19,'13','34','1','7.00'),(20,'14','12','1','23.00'),(21,'15','34','1','7.00'),(22,'16','16','2','26.00'),(23,'16','14','1','10.00'),(24,'17','43','1','66.00'),(25,'17','40','1','45.00'),(26,'17','30','1','15.00'),(27,'18','34','2','14.00'),(28,'19','39','1','66.00'),(29,'19','39','1','66.00'),(30,'20','29','1','15.00'),(31,'20','29','1','15.00'),(32,'20','21','2','80.00'),(33,'21','29','1','15.00'),(34,'22','15','1','12.00'),(35,'23','15','1','12.00'),(36,'24','15','1','12.00'),(37,'24','15','1','12.00'),(38,'25','16','1','13.00'),(39,'26','33','1','10.00'),(40,'27','16','1','13.00'),(41,'28','17','1','14.00'),(42,'29','17','1','14.00'),(43,'30','16','1','13.00'),(44,'31','29','1','15.00'),(45,'32','16','1','13.00'),(46,'33','16','1','13.00'),(47,'34','16','1','13.00'),(48,'35','16','1','13.00'),(49,'36','16','1','13.00'),(50,'37','16','1','13.00'),(51,'38','16','1','13.00'),(52,'39','16','1','13.00'),(53,'40','16','1','13.00'),(54,'41','16','1','13.00'),(55,'42','16','1','13.00'),(56,'43','16','1','13.00'),(57,'44','16','1','13.00'),(58,'45','16','1','13.00'),(59,'46','16','1','13.00'),(60,'47','16','1','13.00'),(61,'48','33','1','10.00'),(62,'49','29','1','15.00'),(63,'50','15','1','12.00'),(64,'51','40','1','45.00'),(65,'52','39','1','66.00'),(66,'53','34','1','7.00'),(67,'54','29','1','15.00'),(68,'55','16','1','13.00'),(69,'56','15','1','12.00'),(70,'57','15','1','12.00'),(71,'58','14','1','10.00'),(72,'59','34','1','7.00'),(73,'60','31','1','6.00'),(74,'61','31','1','6.00'),(75,'62','14','1','10.00'),(76,'63','16','1','13.00'),(77,'64','29','1','15.00'),(78,'65','30','1','15.00'),(79,'66','16','1','13.00'),(80,'67','39','1','66.00'),(81,'68','29','1','15.00'),(82,'69','33','1','10.00'),(83,'70','30','2','30.00'),(84,'71','33','1','10.00'),(85,'71','31','1','6.00'),(86,'72','33','1','10.00'),(87,'73','14','1','10.00'),(88,'74','13','1','18.00'),(89,'74','15','1','12.00'),(90,'74','33','1','10.00'),(91,'74','29','1','15.00'),(92,'75','33','1','10.00'),(93,'75','14','1','10.00'),(94,'75','12','1','23.00'),(95,'75','13','1','18.00'),(96,'75','33','1','10.00'),(97,'75','14','1','10.00'),(98,'76','29','1','15.00'),(99,'76','33','3','30.00'),(100,'77','34','1','7.00'),(101,'78','29','1','15.00'),(102,'79','14','1','10.00'),(103,'80','29','1','15.00'),(104,'81','33','1','10.00'),(105,'82','34','1','7.00'),(106,'83','31','1','6.00'),(107,'84','15','1','12.00'),(108,'85','16','1','13.00'),(109,'86','30','1','15.00'),(110,'87','29','1','15.00'),(111,'88','34','1','7.00'),(112,'89','29','1','15.00'),(113,'90','34','1','7.00'),(114,'91','29','1','15.00'),(115,'92','34','1','7.00'),(116,'93','34','1','7.00'),(117,'94','30','1','15.00'),(118,'94','29','1','15.00'),(119,'94','15','1','12.00'),(120,'95','14','3','30.00'),(121,'95','20','2','46.00'),(122,'95','34','1','7.00'),(123,'96','34','1','7.00'),(124,'97','15','1','12.00'),(125,'98','41','1','52.00'),(126,'99','34','1','7.00'),(127,'99','29','1','15.00'),(128,'100','34','1','7.00'),(129,'101','26','1','89.00'),(130,'101','33','1','10.00'),(131,'102','29','1','15.00'),(132,'103','14','1','10.00'),(133,'104','15','1','12.00'),(134,'105','33','1','10.00'),(135,'105','33','1','10.00'),(136,'106','26','2','178.00'),(137,'106','16','1','13.00'),(138,'107','25','2','78.00'),(139,'107','26','1','89.00'),(140,'108','15','1','12.00'),(141,'109','31','1','6.00'),(142,'110','31','1','6.00'),(143,'111','31','1','6.00'),(144,'111','42','1','66.00'),(145,'112','12','1','23.00'),(146,'113','12','1','23.00'),(147,'114','31','1','6.00'),(148,'115','31','1','6.00'),(149,'116','31','1','6.00'),(150,'117','15','1','12.00'),(151,'118','43','1','66.00'),(152,'119','36','1','20.00'),(153,'120','12','1','23.00'),(154,'121','37','1','33.00'),(155,'122','37','1','33.00'),(156,'123','37','1','33.00'),(157,'124','12','2','46.00'),(158,'124','17','1','14.00'),(159,'125','30','4','60.00'),(160,'125','24','3','117.00'),(161,'125','52','1','56.00'),(162,'126','15','1','12.00'),(163,'127','30','1','15.00'),(164,'128','33','1','10.00'),(165,'129','15','1','12.00'),(166,'130','16','1','13.00'),(167,'131','48','1','24.00'),(168,'131','46','1','15.00'),(169,'132','46','1','15.00'),(170,'133','50','1','15.00'),(171,'134','14','1','10.00'),(172,'134','31','1','6.00');

/*Table structure for table `easybuy_product` */

DROP TABLE IF EXISTS `easybuy_product`;

CREATE TABLE `easybuy_product` (
  `EP_ID` int NOT NULL AUTO_INCREMENT,
  `EP_NAME` varchar(128) CHARACTER SET utf8 COLLATE utf8_general_ci NOT NULL,
  `EP_DESCRIPTION` varchar(512) CHARACTER SET utf8 COLLATE utf8_general_ci DEFAULT NULL,
  `EP_PRICE` decimal(10,2) NOT NULL,
  `EP_STOCK` decimal(10,0) NOT NULL,
  `EPC_ID` decimal(10,0) DEFAULT NULL,
  `EPC_CHILD_ID` decimal(10,0) DEFAULT NULL,
  `EP_FILE_NAME` varchar(200) CHARACTER SET utf8 COLLATE utf8_general_ci DEFAULT NULL,
  PRIMARY KEY (`EP_ID`) USING BTREE
) ENGINE=InnoDB AUTO_INCREMENT=54 DEFAULT CHARSET=utf8mb3 ROW_FORMAT=DYNAMIC;

/*Data for the table `easybuy_product` */

insert  into `easybuy_product`(`EP_ID`,`EP_NAME`,`EP_DESCRIPTION`,`EP_PRICE`,`EP_STOCK`,`EPC_ID`,`EPC_CHILD_ID`,`EP_FILE_NAME`) values (12,'洽洽五香瓜子','品牌名称：ChaCheer/洽洽 产品参数：  生产许可证编号：SC11834010705158厂名：洽洽食品股份有限公司厂址：安徽省合肥市经济技术开发区莲花路1307号；安徽省合肥市经济技术开发区莲花路2159号厂家联系方式：4008877819 8008680290保质期：240 天品牌: ChaCheer/洽洽系列: 洽洽瓜子香瓜子308克包装种类: 袋装瓜子种类: 葵花子产地: 中国大陆省份: 安徽省城市: 合肥市包装方式: 包装食品口味: 五香瓜子308g*3袋 原香瓜子285g*3袋 奶香瓜子285g*3袋 【五香瓜子308g+原香瓜子285g+奶香瓜子285g】组合 【推荐】五香瓜子308g*5袋净含量: 924g','23.00','23','27','28','q1.jpg'),(13,'坚果炒货西瓜子','坚果炒货西瓜子 颗粒饱满休闲零食小吃 话梅西瓜子200g/袋','18.00','21','27','29','q2.jpg'),(14,'葵花籽奶油味瓜子','三只松鼠坚果炒货休闲零食葵花籽奶油味瓜子168g/袋','10.00','34','27','30','q3.jpg'),(15,'卫龙辣条小面筋','卫龙 辣条 休闲零食 方便食品 小面筋量贩装（香辣味）312g/袋','12.00','18','31','32','l1.jpg'),(16,'口水娃辣条辣片','口水娃 年货休闲零食 辣条辣片 即食零食小吃400g','13.00','3','31','33','l2.jpg'),(17,'香辣味面筋辣条','良品铺子_烤面筋200g辣皮辣片辣条味即食零食小吃 香辣味面筋辣条零食 烤面筋 200g','14.00','116','31','34','l3.jpg'),(18,'泡椒凤爪','有友 【第二份五折】泡椒凤爪428g袋独立小包装 鸡爪 重庆特产 休闲零食 【山椒味】辣度★★★★','36.00','100','35','36','p1.jpg'),(19,'冷冻鸡凤爪','泰森(Tyson) 冷冻鸡凤爪 454g/袋 2袋装','56.00','35','35','37','p2.jpg'),(20,'周黑鸭 卤凤爪','周黑鸭 卤凤爪 武汉特产卤味零食麻辣小吃鸡爪 真空小包装150g','23.00','24','35','38','p3.jpg'),(21,'康师傅方便面泡面','康师傅方便面泡面 日式豚骨2桶+酸酸辣辣豚骨2桶+海鲜豚骨2桶+藤椒豚骨2桶 桶装泡面整箱装','40.00','23','39','40','k1.jpg'),(22,'统一 方便面泡面','统一 方便面泡面 汤达人 日式豚骨味方便面 五连包','21.00','36','39','41','k2.jpg'),(23,'今麦郎 方便面泡面 ','今麦郎 方便面泡面 大今野拉面 红烧牛肉面 24袋 泡面整箱装','35.00','130','39','42','k3.jpg'),(24,'碗装醇黑巧克力糖果','德芙 Dove分享碗装醇黑巧克力66% 糖果巧克力 休闲零食 252g','39.00','49','43','44','y1.jpg'),(25,'夹心喜糖巧克力糖果','徐福记 奇欧比巧克力 散装软馅糖果零食 夹心喜糖巧克力批发500g 多种口味混合500g约45颗','39.00','23','43','45','y2.jpg'),(26,'费列罗巧克力礼盒糖果','费列罗巧克力礼盒装生日礼物情人节礼物送女友年货节糖果员工福利','89.00','96','43','46','y3.jpg'),(27,' 黑加仑葡萄干','好想你 休闲零食 新疆特产 蜜饯果干 黑加仑葡萄干228g/袋','18.00','62','47','48','h1.jpg'),(28,'玫瑰红黑加仑金凰后无核白葡萄干','楼兰蜜语 蜜饯果干 玫瑰红黑加仑金凰后无核白葡萄干 新疆特产零食四色大葡萄干900g','34.00','42','47','49','h2.jpg'),(29,'玫瑰红葡萄干','西域美农 休闲零食 蜜饯果干 新疆特产 食品小吃 玫瑰红葡萄干250g','15.00','20','47','50','h3.jpg'),(30,'乐事薯片',' 乐事薯片超值分享装210g','15.00','67','51','52','s1.jpg'),(31,'上好佳薯片','上好佳薯片组合包16g*5袋','6.00','189','51','53','s2.jpg'),(32,'可比克 薯片','可比克 薯片 心有所薯 办公室休闲膨化零食 105g*3 组合装（番茄味+烧烤味+原味)','17.00','56','51','54','s3.jpg'),(33,'口味硬糖棒棒糖','阿尔卑斯 精选多种口味硬糖棒棒糖(20支装)200克牛奶糖 儿童用糖 休闲零食(新老包装交替发货)','10.00','262','55','56','t1.jpg'),(34,'绿箭无糖薄荷糖口香糖','绿箭无糖薄荷糖口香糖铁盒装23.8g/盒 约35粒 休闲零食糖果 冰柠薄荷味','7.00','40','55','57','t2.jpg'),(35,'大白兔 原味奶糖','大白兔 原味奶糖 454g/袋 婚庆喜糖','24.00','130','55','58','t3.jpg'),(36,'猪肉脯','来伊份 【前1500名第2份5折】原味/芝麻味猪肉干 猪肉脯猪200g来一份休闲零食 原味猪肉脯200g','20.00','33','59','60','r1.jpg'),(37,'蜀道香 肉干肉脯','蜀道香 肉干肉脯 休闲零食特产 手撕牛肉 独立小包装 天椒霸道麻辣牛肉干200g','33.00','42','59','61','r2.jpg'),(38,'老四川肉干肉脯','金角 老四川 休闲零食 肉干肉脯 五香牛肉干208g中华老字号','49.00','20','59','62','r3.jpg'),(39,'伊利 纯牛奶',' 伊利 纯牛奶250ml*24盒','66.00','176','63','64','n1.jpg'),(40,'低脂高钙牛奶','蒙牛 低脂高钙牛奶 250ml*16 礼盒装','45.00','57','63','65','n2.jpg'),(41,'旺仔 牛奶 ','沃尔玛】旺仔 牛奶 儿童牛奶 早餐奶 3L 125ml*24包','52.00','56','63','66','n3.jpg'),(42,'广东特产鸡蛋卷','元朗 鸡蛋卷 饼干糕点 礼盒送礼 广东特产680g','66.00','44','67','68','z1.jpg'),(43,'广东特产广式饼酥糕点','广州酒家 金装手信礼盒424g/盒 广东特产广式饼酥糕点下午茶点心 中华老字号手信','66.00','43','67','69','z2.jpg'),(44,'广东广州特产传统糕点','莲香楼杏仁饼铁盒400g点心广东广州特产传统糕点下午茶点休闲零食送礼手信礼盒','46.00','79','67','70','z3.jpg'),(45,'不二家棒棒糖','不二家棒棒糖混合口味桶装安全纸棒糖日本进口网红小零食儿童礼物糖果大礼包硬糖喜糖批发 袋装【多口味混合8支】水果棒棒糖8支*1袋','18.00','10','55','71','不二家.jpg'),(46,'良品铺子瓜子','良品铺子 脱皮香瓜子 多味葵瓜子 坚果炒货 休闲零食120g ','15.00','98','27','72','gz4.jpg'),(47,'百草味大刀肉辣条','百草味 好多种辣条400g 大刀肉面筋辣棒网红辣味零食大礼包 ','44.00','50','31','73','lt4.jpg'),(48,'良品铺子魔芋','良品铺子素毛肚魔芋爽 网红辣条味豆干类制品 休闲零食小包装藤椒味150g','24.00','65','31','34','lt5.jpg'),(49,'白象招牌猪汤面',' 白象 方便面 汤好喝招牌猪骨汤面 泡面 五连包','15.00','45','39','74','pmbx1.jpg'),(50,'白象麻辣小龙虾拌面','白象 方便面 拌面 大辣娇小龙虾干拌面113g*5袋 ','15.00','98','39','74','pmbx2.jpg'),(51,'士力架花生夹心巧克力（全家桶）460g桶装','士力架花生夹心巧克力（全家桶）460g桶装  食品零食六一儿童节礼物（新旧包装随机发放） ','30.00','99','43','75','qklslj1.jpg'),(52,'士力架花生夹心巧克力（散装）1000g','士力架花生夹心巧克力1000g量贩装 礼物办公室横扫饥饿六一儿童节礼物(新旧包装随机发放） ','56.00','44','43','75','qklslj2.jpg'),(53,'乐事Lay’s无限薯片 休闲零食 104g*3组合装','（番茄+原味+烤肉）膨化食品','24.00','56','51','52','spls1.jpg');

/*Table structure for table `easybuy_product_category` */

DROP TABLE IF EXISTS `easybuy_product_category`;

CREATE TABLE `easybuy_product_category` (
  `EPC_ID` int NOT NULL AUTO_INCREMENT,
  `EPC_NAME` varchar(20) CHARACTER SET utf8 COLLATE utf8_general_ci NOT NULL,
  `EPC_PARENT_ID` decimal(10,0) NOT NULL,
  PRIMARY KEY (`EPC_ID`) USING BTREE
) ENGINE=InnoDB AUTO_INCREMENT=76 DEFAULT CHARSET=utf8mb3 ROW_FORMAT=DYNAMIC;

/*Data for the table `easybuy_product_category` */

insert  into `easybuy_product_category`(`EPC_ID`,`EPC_NAME`,`EPC_PARENT_ID`) values (27,'瓜子','0'),(28,'洽洽','27'),(29,'百草味','27'),(30,'三只松鼠','27'),(31,'辣条','0'),(32,'卫龙','31'),(33,'口水娃','31'),(34,'良品铺子','31'),(35,'凤爪','0'),(36,'有友','35'),(37,'泰森','35'),(38,'周黑鸭','35'),(39,'泡面','0'),(40,'康师傅','39'),(41,'统一','39'),(42,'今麦郎','39'),(43,'巧克力','0'),(44,'德芙','43'),(45,'徐福记','43'),(46,'费列罗','43'),(47,'葡萄干','0'),(48,'好想你·','47'),(49,'楼兰蜜语','47'),(50,'西域美农','47'),(51,'薯片','0'),(52,'乐事','51'),(53,'上好佳','51'),(54,'可比克','51'),(55,'糖果','0'),(56,'阿尔卑斯','55'),(57,'绿箭','55'),(58,'大白兔','55'),(59,'肉脯','0'),(60,'来伊份','59'),(61,'蜀道香','59'),(62,'老四川','59'),(63,'牛奶','0'),(64,'伊利','63'),(65,'蒙牛','63'),(66,'旺旺','63'),(67,'特产','0'),(68,'元朗','67'),(69,'广州酒家','67'),(70,'莲香楼','67'),(71,'不二家','55'),(72,'良品铺子','27'),(73,'百草味','31'),(74,'白象','39'),(75,'士力架','43');

/*Table structure for table `easybuy_shop` */

DROP TABLE IF EXISTS `easybuy_shop`;

CREATE TABLE `easybuy_shop` (
  `es_id` int NOT NULL AUTO_INCREMENT,
  `es_ep_file_name` varchar(128) CHARACTER SET utf8 COLLATE utf8_general_ci DEFAULT NULL,
  `es_ep_name` varchar(64) CHARACTER SET utf8 COLLATE utf8_general_ci DEFAULT NULL,
  `es_ep_price` decimal(10,0) DEFAULT NULL,
  `es_eod_quantity` int DEFAULT NULL,
  `es_ep_stock` int DEFAULT NULL,
  `es_ep_id` int DEFAULT NULL,
  `es_eu_user_id` varchar(64) CHARACTER SET utf8 COLLATE utf8_general_ci DEFAULT NULL,
  `es_valid` int DEFAULT NULL,
  PRIMARY KEY (`es_id`) USING BTREE
) ENGINE=InnoDB AUTO_INCREMENT=192 DEFAULT CHARSET=utf8mb3 ROW_FORMAT=DYNAMIC;

/*Data for the table `easybuy_shop` */

insert  into `easybuy_shop`(`es_id`,`es_ep_file_name`,`es_ep_name`,`es_ep_price`,`es_eod_quantity`,`es_ep_stock`,`es_ep_id`,`es_eu_user_id`,`es_valid`) values (19,'t1.jpg','口味硬糖棒棒糖','10',2,280,33,'邹夏冰',2),(22,'l3.jpg','香辣味面筋辣条','14',1,120,17,'邹夏冰',2),(23,'n3.jpg','旺仔 牛奶 ','52',1,58,41,'邹夏冰',2),(24,'t2.jpg','绿箭无糖薄荷糖口香糖','7',1,56,34,'邹夏冰',2),(25,'n2.jpg','低脂高钙牛奶','45',1,60,40,'邹夏冰',2),(26,'z3.jpg','广东广州特产传统糕点','46',1,80,44,'邹夏冰',2),(27,'q1.jpg','洽洽五香瓜子','23',1,30,12,'邹夏冰',2),(28,'t2.jpg','绿箭无糖薄荷糖口香糖','7',1,55,34,'邹夏冰',2),(29,'q3.jpg','葵花籽奶油味瓜子','10',1,46,14,'邹夏冰',2),(31,'l2.jpg','口水娃辣条辣片','13',2,30,16,'邹夏冰',2),(32,'s1.jpg','乐事薯片','15',1,78,30,'邹夏冰',2),(33,'n2.jpg','低脂高钙牛奶','45',1,59,40,'邹夏冰',2),(34,'z2.jpg','广东特产广式饼酥糕点','66',1,45,43,'邹夏冰',2),(35,'z1.jpg','广东特产鸡蛋卷','66',1,45,42,'邹夏冰',2),(36,'t2.jpg','绿箭无糖薄荷糖口香糖','7',2,54,34,'邹夏冰',2),(38,'n1.jpg','伊利 纯牛奶','66',1,180,39,'邹夏冰',2),(39,'n1.jpg','伊利 纯牛奶','66',1,180,39,'邹夏冰',2),(40,'k1.jpg','康师傅方便面泡面','40',2,25,21,'邹夏冰',2),(41,'h3.jpg','玫瑰红葡萄干','15',1,38,29,'邹夏冰',2),(42,'h3.jpg','玫瑰红葡萄干','15',1,38,29,'邹夏冰',2),(43,'h3.jpg','玫瑰红葡萄干','15',1,36,29,'邹夏冰',2),(44,'l1.jpg','卫龙辣条小面筋','12',1,34,15,'邹夏冰',2),(45,'l1.jpg','卫龙辣条小面筋','12',1,33,15,'邹夏冰',2),(46,'l1.jpg','卫龙辣条小面筋','12',1,32,15,'邹夏冰',2),(47,'l1.jpg','卫龙辣条小面筋','12',1,32,15,'邹夏冰',2),(48,'l2.jpg','口水娃辣条辣片','13',1,28,16,'邹夏冰',2),(49,'t1.jpg','口味硬糖棒棒糖','10',1,278,33,'邹夏冰',2),(50,'l2.jpg','口水娃辣条辣片','13',1,27,16,'邹夏冰',2),(51,'l3.jpg','香辣味面筋辣条','14',1,119,17,'邹夏冰',2),(52,'l2.jpg','口水娃辣条辣片','13',1,26,16,'邹夏冰',2),(53,'h3.jpg','玫瑰红葡萄干','15',1,35,29,'邹夏冰',2),(54,'l2.jpg','口水娃辣条辣片','13',1,25,16,'邹夏冰',2),(55,'l2.jpg','口水娃辣条辣片','13',1,24,16,'邹夏冰',2),(56,'l2.jpg','口水娃辣条辣片','13',1,23,16,'邹夏冰',2),(57,'l2.jpg','口水娃辣条辣片','13',1,22,16,'邹夏冰',2),(58,'l2.jpg','口水娃辣条辣片','13',1,21,16,'邹夏冰',2),(59,'l2.jpg','口水娃辣条辣片','13',1,20,16,'邹夏冰',2),(60,'l2.jpg','口水娃辣条辣片','13',1,19,16,'邹夏冰',2),(61,'l2.jpg','口水娃辣条辣片','13',1,18,16,'邹夏冰',2),(62,'l2.jpg','口水娃辣条辣片','13',1,17,16,'邹夏冰',2),(63,'l2.jpg','口水娃辣条辣片','13',1,16,16,'邹夏冰',2),(64,'l2.jpg','口水娃辣条辣片','13',1,15,16,'邹夏冰',2),(65,'l2.jpg','口水娃辣条辣片','13',1,14,16,'邹夏冰',2),(66,'l2.jpg','口水娃辣条辣片','13',1,13,16,'邹夏冰',2),(67,'l2.jpg','口水娃辣条辣片','13',1,12,16,'邹夏冰',2),(68,'l2.jpg','口水娃辣条辣片','13',1,11,16,'邹夏冰',2),(69,'l2.jpg','口水娃辣条辣片','13',1,10,16,'邹夏冰',2),(70,'t1.jpg','口味硬糖棒棒糖','10',1,277,33,'邹夏冰',2),(71,'h3.jpg','玫瑰红葡萄干','15',1,34,29,'邹夏冰',2),(72,'l1.jpg','卫龙辣条小面筋','12',1,30,15,'邹夏冰',2),(73,'n2.jpg','低脂高钙牛奶','45',1,58,40,'邹夏冰',2),(74,'n1.jpg','伊利 纯牛奶','66',1,178,39,'邹夏冰',2),(75,'t2.jpg','绿箭无糖薄荷糖口香糖','7',1,52,34,'邹夏冰',2),(76,'h3.jpg','玫瑰红葡萄干','15',1,33,29,'邹夏冰',2),(77,'l2.jpg','口水娃辣条辣片','13',1,9,16,'邹夏冰',2),(78,'l1.jpg','卫龙辣条小面筋','12',1,29,15,'邹夏冰',2),(79,'l1.jpg','卫龙辣条小面筋','12',1,28,15,'邹夏冰',2),(80,'q3.jpg','葵花籽奶油味瓜子','10',1,45,14,'邹夏冰',2),(81,'t2.jpg','绿箭无糖薄荷糖口香糖','7',1,51,34,'邹夏冰',2),(82,'s2.jpg','上好佳薯片','6',1,200,31,'邹夏冰',2),(83,'s2.jpg','上好佳薯片','6',1,199,31,'邹夏冰',2),(84,'q3.jpg','葵花籽奶油味瓜子','10',1,44,14,'邹夏冰',2),(85,'l2.jpg','口水娃辣条辣片','13',1,8,16,'邹夏冰',2),(86,'h3.jpg','玫瑰红葡萄干','15',1,32,29,'邹夏冰',2),(87,'s1.jpg','乐事薯片','15',1,77,30,'邹夏冰',2),(88,'l2.jpg','口水娃辣条辣片','13',1,7,16,'邹夏冰',2),(89,'n1.jpg','伊利 纯牛奶','66',1,177,39,'邹夏冰',2),(90,'h3.jpg','玫瑰红葡萄干','15',1,31,29,'邹夏冰',2),(91,'t1.jpg','口味硬糖棒棒糖','10',1,276,33,'邹夏冰',2),(92,'s1.jpg','乐事薯片','15',2,76,30,'邹夏冰',2),(93,'s2.jpg','上好佳薯片','6',1,198,31,'邹夏冰',2),(94,'t1.jpg','口味硬糖棒棒糖','10',1,275,33,'邹夏冰',2),(95,'t1.jpg','口味硬糖棒棒糖','10',1,274,33,'邹夏冰',2),(96,'q3.jpg','葵花籽奶油味瓜子','10',1,43,14,'邹夏冰',2),(97,'h3.jpg','玫瑰红葡萄干','15',1,30,29,'邹夏冰',2),(98,'t1.jpg','口味硬糖棒棒糖','10',1,273,33,'邹夏冰',2),(99,'l1.jpg','卫龙辣条小面筋','12',1,27,15,'邹夏冰',2),(101,'q2.jpg','坚果炒货西瓜子','18',1,23,13,'邹夏冰',2),(102,'q3.jpg','葵花籽奶油味瓜子','10',1,42,14,'邹夏冰',2),(103,'t1.jpg','口味硬糖棒棒糖','10',2,272,33,'邹夏冰',2),(104,'q2.jpg','坚果炒货西瓜子','18',1,22,13,'邹夏冰',2),(105,'q1.jpg','洽洽五香瓜子','23',1,29,12,'邹夏冰',2),(106,'q3.jpg','葵花籽奶油味瓜子','10',1,42,14,'邹夏冰',2),(107,'t1.jpg','口味硬糖棒棒糖','10',1,272,33,'邹夏冰',2),(108,'t1.jpg','口味硬糖棒棒糖','10',3,270,33,'邹夏冰',2),(109,'h3.jpg','玫瑰红葡萄干','15',1,29,29,'邹夏冰',2),(110,'t2.jpg','绿箭无糖薄荷糖口香糖','7',1,50,34,'邹夏冰',2),(111,'h3.jpg','玫瑰红葡萄干','15',1,28,29,'邹夏冰',2),(112,'q3.jpg','葵花籽奶油味瓜子','10',1,40,14,'邹夏冰',2),(113,'h3.jpg','玫瑰红葡萄干','15',1,27,29,'邹夏冰',2),(114,'t1.jpg','口味硬糖棒棒糖','10',1,267,33,'邹夏冰',2),(115,'t2.jpg','绿箭无糖薄荷糖口香糖','7',1,49,34,'邹夏冰',2),(116,'s2.jpg','上好佳薯片','6',1,197,31,'邹夏冰',2),(117,'l1.jpg','卫龙辣条小面筋','12',1,26,15,'邹夏冰',2),(118,'l2.jpg','口水娃辣条辣片','13',1,6,16,'邹夏冰',2),(119,'s1.jpg','乐事薯片','15',1,74,30,'邹夏冰',2),(120,'h3.jpg','玫瑰红葡萄干','15',1,26,29,'邹夏冰',2),(121,'t2.jpg','绿箭无糖薄荷糖口香糖','7',1,48,34,'邹夏冰',2),(122,'h3.jpg','玫瑰红葡萄干','15',1,25,29,'邹夏冰',2),(123,'t2.jpg','绿箭无糖薄荷糖口香糖','7',1,47,34,'邹夏冰',2),(124,'h3.jpg','玫瑰红葡萄干','15',1,24,29,'邹夏冰',2),(125,'t2.jpg','绿箭无糖薄荷糖口香糖','7',1,46,34,'邹夏冰',2),(126,'t2.jpg','绿箭无糖薄荷糖口香糖','7',1,45,34,'邹夏冰',2),(127,'l1.jpg','卫龙辣条小面筋','12',1,25,15,'邹夏冰',2),(128,'h3.jpg','玫瑰红葡萄干','15',1,23,29,'邹夏冰',2),(129,'s1.jpg','乐事薯片','15',1,73,30,'邹夏冰',2),(130,'h3.jpg','玫瑰红葡萄干','15',1,22,29,'邹夏冰',2),(132,'t2.jpg','绿箭无糖薄荷糖口香糖','7',1,44,34,'邹夏冰',2),(133,'p3.jpg','周黑鸭 卤凤爪','23',2,26,20,'邹夏冰',2),(134,'q3.jpg','葵花籽奶油味瓜子','10',3,39,14,'邹夏冰',2),(135,'t2.jpg','绿箭无糖薄荷糖口香糖','7',1,43,34,'邹夏冰',2),(136,'l1.jpg','卫龙辣条小面筋','12',1,24,15,'邹夏冰',2),(137,'n3.jpg','旺仔 牛奶 ','52',1,57,41,'邹夏冰',2),(138,'t2.jpg','绿箭无糖薄荷糖口香糖','7',1,42,34,'邹夏冰',2),(139,'t2.jpg','绿箭无糖薄荷糖口香糖','7',1,41,34,'邹夏冰',2),(140,'t1.jpg','口味硬糖棒棒糖','10',1,266,33,'邹夏冰',2),(141,'y3.jpg','费列罗巧克力礼盒糖果','89',1,100,26,'邹夏冰',2),(142,'h3.jpg','玫瑰红葡萄干','15',1,21,29,'邹夏冰',2),(143,'q3.jpg','葵花籽奶油味瓜子','10',1,36,14,'邹夏冰',2),(144,'l1.jpg','卫龙辣条小面筋','12',1,23,15,'邹夏冰',2),(145,'t1.jpg','口味硬糖棒棒糖','10',1,265,33,'邹夏冰',2),(146,'t1.jpg','口味硬糖棒棒糖','10',1,265,33,'邹夏冰',2),(147,'l2.jpg','口水娃辣条辣片','13',1,5,16,'邹夏冰',2),(148,'y3.jpg','费列罗巧克力礼盒糖果','89',2,99,26,'邹夏冰',2),(149,'y3.jpg','费列罗巧克力礼盒糖果','89',1,97,26,'邹夏冰',2),(150,'y2.jpg','夹心喜糖巧克力糖果','39',2,25,25,'邹夏冰',2),(151,'l1.jpg','卫龙辣条小面筋','12',1,22,15,'邹夏冰',2),(152,'s2.jpg','上好佳薯片','6',1,196,31,'邹夏冰',2),(153,'s2.jpg','上好佳薯片','6',1,195,31,'邹夏冰',2),(154,'s2.jpg','上好佳薯片','6',1,194,31,'邹夏冰',2),(156,'q1.jpg','洽洽五香瓜子','23',1,28,12,'邹夏冰',2),(159,'q1.jpg','洽洽五香瓜子','23',1,27,12,'邹夏冰',2),(163,'s2.jpg','上好佳薯片','6',1,193,31,'邹夏冰',2),(165,'s2.jpg','上好佳薯片','6',1,192,31,'邹夏冰',2),(166,'s2.jpg','上好佳薯片','6',1,191,31,'邹夏冰',2),(167,'l1.jpg','卫龙辣条小面筋','12',1,21,15,'李忠帅',2),(168,'z2.jpg','广东特产广式饼酥糕点','66',1,44,43,'李忠帅',2),(169,'r1.jpg','猪肉脯','20',1,34,36,'李忠帅',2),(170,'q1.jpg','洽洽五香瓜子','23',1,26,12,'李忠帅',2),(171,'r2.jpg','蜀道香 肉干肉脯','33',1,45,37,'admin',2),(173,'r2.jpg','蜀道香 肉干肉脯','33',1,44,37,'admin',2),(174,'l3.jpg','香辣味面筋辣条','14',1,117,17,'admin',2),(175,'q1.jpg','洽洽五香瓜子','23',2,25,12,'admin',2),(176,'qklslj2.jpg','士力架花生夹心巧克力（散装）1000g','56',1,45,52,'admin',2),(177,'y1.jpg','碗装醇黑巧克力糖果','39',3,52,24,'admin',2),(178,'s1.jpg','乐事薯片','15',4,72,30,'admin',2),(179,'l1.jpg','卫龙辣条小面筋','12',1,20,15,'admin',2),(180,'s1.jpg','乐事薯片','15',1,68,30,'admin',2),(181,'t1.jpg','口味硬糖棒棒糖','10',1,263,33,'admin',2),(182,'l1.jpg','卫龙辣条小面筋','12',1,19,15,'admin',2),(183,'l2.jpg','口水娃辣条辣片','13',1,4,16,'admin',2),(184,'gz4.jpg','良品铺子瓜子','15',1,100,46,'admin',2),(187,'lt5.jpg','良品铺子魔芋','24',1,66,48,'admin',2),(188,'gz4.jpg','良品铺子瓜子','15',1,99,46,'admin',2),(189,'pmbx2.jpg','白象麻辣小龙虾拌面','15',1,99,50,'wang',2),(190,'s2.jpg','上好佳薯片','6',1,190,31,'mary',2),(191,'q3.jpg','葵花籽奶油味瓜子','10',1,35,14,'mary',2);

/*Table structure for table `easybuy_user` */

DROP TABLE IF EXISTS `easybuy_user`;

CREATE TABLE `easybuy_user` (
  `EU_USER_ID` varchar(32) CHARACTER SET utf8 COLLATE utf8_general_ci NOT NULL,
  `EU_USER_NAME` varchar(20) CHARACTER SET utf8 COLLATE utf8_general_ci NOT NULL,
  `EU_PASSWORD` varchar(20) CHARACTER SET utf8 COLLATE utf8_general_ci NOT NULL,
  `EU_SEX` varchar(1) CHARACTER SET utf8 COLLATE utf8_general_ci NOT NULL,
  `EU_BIRTHDAY` datetime DEFAULT NULL,
  `EU_EMAIL` varchar(80) CHARACTER SET utf8 COLLATE utf8_general_ci DEFAULT NULL,
  `EU_MOBILE` varchar(11) CHARACTER SET utf8 COLLATE utf8_general_ci DEFAULT NULL,
  `EU_ADDRESS` varchar(200) CHARACTER SET utf8 COLLATE utf8_general_ci DEFAULT NULL,
  `EU_STATUS` int NOT NULL,
  PRIMARY KEY (`EU_USER_ID`) USING BTREE
) ENGINE=InnoDB DEFAULT CHARSET=utf8mb3 ROW_FORMAT=DYNAMIC;

/*Data for the table `easybuy_user` */

insert  into `easybuy_user`(`EU_USER_ID`,`EU_USER_NAME`,`EU_PASSWORD`,`EU_SEX`,`EU_BIRTHDAY`,`EU_EMAIL`,`EU_MOBILE`,`EU_ADDRESS`,`EU_STATUS`) values ('admin','管理员','123','男','2000-01-01 00:00:00','2531174288@qq.com','13666666666','陕西西安',2),('jack','普通用户','123','男','2000-01-01 00:00:00','2531148@qq.com','13202610508','上海市',1),('liming','普通用户','123','男','2000-01-01 00:00:00','1801696024@qq.com','11111111111','陕西西安',1),('mary','普通用户','123','男','2000-01-01 00:00:00','98745685@163.com','13202610508','重庆市',1),('tang','普通用户','123456','男','2000-01-01 00:00:00','201624133125@163.com','15323712312','四川成都',1),('test','管理员','123','男','2000-01-01 00:00:00','123123@qq.com','13000000001','北京市',2),('tom','普通用户','123456','男','2000-01-01 00:00:00','2027134964@qq.com','15521935616','甘肃青海',1),('wang','普通用户','010325','男','2001-03-25 00:00:00','1146494446@qq.com','15353253623','厦门市',1);

/*Table structure for table `easybuy_user_admin` */

DROP TABLE IF EXISTS `easybuy_user_admin`;

CREATE TABLE `easybuy_user_admin` (
  `EU_USER_ID` varchar(32) CHARACTER SET utf8 COLLATE utf8_general_ci NOT NULL,
  `EU_USER_NAME` varchar(20) CHARACTER SET utf8 COLLATE utf8_general_ci NOT NULL,
  `EU_PASSWORD` varchar(20) CHARACTER SET utf8 COLLATE utf8_general_ci NOT NULL,
  `EU_SEX` varchar(1) CHARACTER SET utf8 COLLATE utf8_general_ci NOT NULL,
  `EU_BIRTHDAY` datetime DEFAULT NULL,
  `EU_EMAIL` varchar(80) CHARACTER SET utf8 COLLATE utf8_general_ci DEFAULT NULL,
  `EU_MOBILE` varchar(11) CHARACTER SET utf8 COLLATE utf8_general_ci DEFAULT NULL,
  `EU_ADDRESS` varchar(200) CHARACTER SET utf8 COLLATE utf8_general_ci DEFAULT NULL,
  `EU_STATUS` int NOT NULL,
  PRIMARY KEY (`EU_USER_ID`) USING BTREE
) ENGINE=InnoDB DEFAULT CHARSET=utf8mb3 ROW_FORMAT=DYNAMIC;

/*Data for the table `easybuy_user_admin` */

insert  into `easybuy_user_admin`(`EU_USER_ID`,`EU_USER_NAME`,`EU_PASSWORD`,`EU_SEX`,`EU_BIRTHDAY`,`EU_EMAIL`,`EU_MOBILE`,`EU_ADDRESS`,`EU_STATUS`) values ('admin','管理员','123','男','2021-06-04 00:00:00','2531174288@qq.com','13666666666','陕西西安',2),('test','管理员','123','男','2021-06-04 00:00:00','123123@qq.com','13000000001','云南大理',2);

/*!40101 SET SQL_MODE=@OLD_SQL_MODE */;
/*!40014 SET FOREIGN_KEY_CHECKS=@OLD_FOREIGN_KEY_CHECKS */;
/*!40014 SET UNIQUE_CHECKS=@OLD_UNIQUE_CHECKS */;
/*!40111 SET SQL_NOTES=@OLD_SQL_NOTES */;
